{"cats": {"ghg": {"AGRIBALYSE v3.2": 38522, "SU-EATABLE LIFE": 15198, "Unmatched": 23, "no data": 523}, "water": {"AGRIBALYSE v3.2": 38522, "SU-EATABLE LIFE": 13773, "Unmatched": 23, "no data": 1948}, "land": {"AGRIBALYSE v3.2": 38522, "SU-EATABLE LIFE": 13773, "Unmatched": 23, "no data": 1948}, "acid": {"AGRIBALYSE v3.2": 38522, "SU-EATABLE LIFE": 13773, "Unmatched": 23, "no data": 1948}, "eutroph": {"AGRIBALYSE v3.2": 38522, "SU-EATABLE LIFE": 13773, "Unmatched": 23, "no data": 1948}}, "mass": {"SU-EATABLE LIFE": 171830992.9, "AGRIBALYSE v3.2": 233323750.4999999, "Unmatched": 8489966.299999997}, "mass_w": {"SU-EATABLE LIFE": 1159935010.4999995, "AGRIBALYSE v3.2": 1623361474.9999993, "Unmatched": 57234565.1}}